date,company,headline
2025-08-01,DemoCorp,"Company reports record quarterly profits beating analyst expectations"
2025-08-02,DemoCorp,"CEO announces innovative product line for next year"
2025-08-03,DemoCorp,"Minor regulatory fine imposed due to reporting delay"
2025-08-04,DemoCorp,"Company expands into new international markets"
2025-08-05,DemoCorp,"Investor sentiment rises after new partnership announcement"
2025-08-06,DemoCorp,"Quarterly revenue slightly below expectations"
2025-08-07,DemoCorp,"Company recognized with industry award for innovation"
2025-08-08,DemoCorp,"Unexpected supply chain disruption affects production"
2025-08-09,DemoCorp,"Positive analyst report on long-term growth potential"
2025-08-10,DemoCorp,"CEO steps down, stock shows minor dip"
